date,id,bedrooms,bathrooms,sqft_lot,condition,yr_built,price
5/2/2014 0:00,1,3,1.5,7912,3,1955,313000
5/2/2014 0:00,2,5,2.5,9050,5,1921,2384000
5/2/2014 0:00,3,3,2,11947,4,1966,342000
5/2/2014 0:00,4,3,2.25,8030,4,1963,420000
5/2/2014 0:00,5,4,2.5,10500,4,1976,550000
5/2/2014 0:00,6,2,1,6380,3,1938,490000
5/2/2014 0:00,7,2,2,2560,3,1976,335000
5/2/2014 0:00,8,4,2.5,35868,3,1989,482000
5/2/2014 0:00,9,3,2.5,88426,4,1985,452500
5/2/2014 0:00,10,4,2,6200,3,1945,640000
5/2/2014 0:00,11,3,1.75,7320,3,1948,463000
5/2/2014 0:00,12,4,2.5,4000,5,1909,1400000
5/2/2014 0:00,13,3,1.75,14892,3,1980,588500
5/2/2014 0:00,14,3,1,6435,4,1955,365000
5/2/2014 0:00,15,5,2.75,9480,3,1939,1200000
5/2/2014 0:00,16,3,1.5,9720,4,1965,242500
5/2/2014 0:00,17,3,1.5,6700,4,1956,419000
5/2/2014 0:00,18,4,3,7231,3,1997,367500
5/2/2014 0:00,19,3,1.75,5858,3,1987,257950
5/2/2014 0:00,20,3,1.5,10277,3,1983,275000
5/2/2014 0:00,21,3,1.75,10578,5,1923,750000
5/2/2014 0:00,22,4,1,8800,4,1954,435000
5/2/2014 0:00,23,3,2.25,1572,3,2005,626000
5/2/2014 0:00,24,4,2.5,12261,3,1991,612500
5/2/2014 0:00,25,4,1.75,6380,3,1959,495000
5/2/2014 0:00,26,3,2.5,10834,4,1987,285000
5/2/2014 0:00,27,3,1.75,7291,4,1948,615000
5/2/2014 0:00,28,4,2.25,11250,5,1920,698000
5/2/2014 0:00,29,5,2.5,67518,3,1979,675000
5/2/2014 0:00,30,3,2.5,4750,4,1951,790000
5/2/2014 0:00,31,4,1.75,8700,4,1967,382500
5/2/2014 0:00,32,4,2.5,3345,3,2004,499950
5/2/2014 0:00,33,4,2,5000,3,1945,650000
5/2/2014 0:00,34,4,2.5,8408,3,2014,625000
5/2/2014 0:00,35,4,2.5,42884,3,1979,400000
5/2/2014 0:00,36,3,2.5,33151,3,1995,604000
5/2/2014 0:00,37,2,1,4850,4,1944,440000
5/2/2014 0:00,38,3,3,19966,4,1992,287200
5/2/2014 0:00,39,3,2,13100,5,1957,403000
5/2/2014 0:00,40,3,2.5,6550,4,1955,750000
5/2/2014 0:00,41,3,2.25,16215,4,1978,335000
5/2/2014 0:00,42,4,2,8625,4,1974,260000
5/2/2014 0:00,43,2,1,6174,4,1950,308500
5/2/2014 0:00,44,3,2.5,2875,3,1990,439950
5/2/2014 0:00,45,2,1,9400,2,1949,235000
5/2/2014 0:00,46,3,1,9180,3,1968,315000
5/2/2014 0:00,47,3,2.25,35100,4,1977,437500
5/2/2014 0:00,48,3,2.5,10460,3,1996,407500
5/2/2014 0:00,49,3,2.5,1180,3,2001,445700
5/2/2014 0:00,50,4,2.5,42998,3,2001,838000
5/2/2014 0:00,51,4,2.75,37277,3,2000,630000
5/2/2014 0:00,52,3,1.75,35200,3,1979,550000
5/2/2014 0:00,53,3,2,4500,4,1929,805000
5/2/2014 0:00,54,3,1.75,23103,3,1968,284000
5/2/2014 0:00,55,5,2.5,9655,3,1976,470000
5/2/2014 0:00,56,4,1.5,10000,4,1954,430000
5/2/2014 0:00,57,4,1.75,125452,3,1968,491500
5/2/2014 0:00,58,5,3.25,11995,3,2006,785000
5/2/2014 0:00,59,3,3.25,1327,3,2008,385000
5/2/2014 0:00,60,2,2.5,1368,3,2009,295000
5/2/2014 0:00,61,4,2.5,6500,3,2012,555000
5/2/2014 0:00,62,3,2.5,5539,3,2013,459990
5/2/2014 0:00,63,4,3.25,54014,3,2007,625000
5/2/2014 0:00,64,3,2.5,5050,3,2006,300000
5/3/2014 0:00,65,4,2.75,6605,3,2012,625000
5/3/2014 0:00,66,2,1,5000,3,1944,553000
5/3/2014 0:00,67,3,2.5,14054,4,1986,379880
5/3/2014 0:00,68,3,1,9945,4,1973,310000
5/4/2014 0:00,69,2,2.5,7392,3,2004,775000
5/4/2014 0:00,70,3,2.5,7350,5,1988,365000
5/4/2014 0:00,71,4,2.5,9933,3,1990,331950
5/4/2014 0:00,72,3,2.5,7130,3,1980,783500
5/4/2014 0:00,73,4,2,6010,3,1900,628000
5/5/2014 0:00,74,3,2.5,8744,3,1987,560000
5/5/2014 0:00,75,3,1,77972,3,1928,900000
5/5/2014 0:00,76,2,3,1175,3,2000,531000
5/5/2014 0:00,77,4,3,4000,4,1982,831000
5/5/2014 0:00,78,4,2.5,10281,3,1996,780000
5/5/2014 0:00,79,4,2.5,10202,4,1960,755000
5/5/2014 0:00,80,3,2.5,4343,3,2003,705380
5/5/2014 0:00,81,4,2.25,7712,3,1973,627000
5/5/2014 0:00,82,4,3,9892,3,1998,865000
5/5/2014 0:00,83,2,1,7000,5,1942,580000
5/5/2014 0:00,84,3,2.25,36704,4,1978,410000
5/5/2014 0:00,85,4,3,7048,4,1979,485000
5/5/2014 0:00,86,2,1.75,9519,2,1948,400000
5/5/2014 0:00,87,2,1,5400,5,1908,549000
5/5/2014 0:00,88,3,1.75,2185,3,2005,620000
5/5/2014 0:00,89,2,3,1240,3,2006,405000
5/5/2014 0:00,90,2,1,8063,4,1958,232000
5/5/2014 0:00,91,5,2.5,13806,4,1990,800866
5/5/2014 0:00,92,3,1.5,9000,4,1949,650000
5/5/2014 0:00,93,6,1.75,5000,4,1908,823000
5/5/2014 0:00,94,3,2,5700,4,1939,770000
5/5/2014 0:00,95,3,1.75,5520,4,1944,524000
5/5/2014 0:00,96,5,2.75,8426,4,1960,541125
5/5/2014 0:00,97,3,2.5,2000,3,1909,670000
5/5/2014 0:00,98,5,2.5,12750,3,1968,384900
5/5/2014 0:00,99,3,2.25,1332,3,2005,406100
5/5/2014 0:00,100,5,3.5,8510,5,1971,1395000
5/5/2014 0:00,101,4,2.5,21904,3,2000,736500
5/5/2014 0:00,102,3,2.25,6000,3,1975,570000
5/5/2014 0:00,103,3,1.75,7500,3,1961,787000
5/5/2014 0:00,104,4,2.5,6500,3,1998,328000
5/5/2014 0:00,105,5,2,9240,4,1942,435000
5/5/2014 0:00,106,4,2.5,6479,3,2006,499000
5/5/2014 0:00,107,4,1,7519,3,1963,501000
5/5/2014 0:00,108,4,2.5,141570,3,1992,1090000
5/5/2014 0:00,109,2,1,5510,3,1955,400000
5/5/2014 0:00,110,4,1.5,9600,3,1971,220000
5/5/2014 0:00,111,4,1,4240,3,1924,657100
5/5/2014 0:00,112,4,2.75,5000,3,2006,309950
5/5/2014 0:00,113,3,2,10072,3,1986,300000
5/5/2014 0:00,114,5,1.75,71874,5,1960,525888
5/5/2014 0:00,115,4,1.75,3600,3,1902,740000
5/5/2014 0:00,116,5,1,9022,4,1962,340000
5/5/2014 0:00,117,3,2.5,4000,3,1954,398750
5/5/2014 0:00,118,2,1,7158,5,1944,206000
5/5/2014 0:00,119,5,2.75,16920,3,1976,1030000
5/5/2014 0:00,120,3,1.75,39639,4,1976,600000
5/5/2014 0:00,121,4,1.75,9389,5,1960,379950
5/5/2014 0:00,122,3,1,6000,4,1953,287000
5/5/2014 0:00,123,7,8,307752,3,1999,2280000
5/5/2014 0:00,124,3,2.5,7838,3,1994,309950
5/5/2014 0:00,125,3,1.75,6360,4,1945,600000
5/5/2014 0:00,126,3,2,6030,4,1930,418000
5/5/2014 0:00,127,4,2,3844,5,1928,449250
5/5/2014 0:00,128,2,1,5250,4,1949,329950
5/5/2014 0:00,129,3,1.75,9306,3,1984,245000
5/5/2014 0:00,130,4,2.5,6338,3,2008,549000
5/5/2014 0:00,131,3,2.5,7857,3,1994,800000
5/5/2014 0:00,132,3,2,15040,4,1958,249950
5/5/2014 0:00,133,5,2,10200,3,1956,210000
5/5/2014 0:00,134,2,2.5,4000,3,2000,1425000
5/5/2014 0:00,135,2,1,8640,3,1949,585000
5/5/2014 0:00,136,4,1.75,11700,4,1977,615000
5/5/2014 0:00,137,3,2,5000,4,1942,618500
5/5/2014 0:00,138,4,1.75,9211,3,1977,487585
5/5/2014 0:00,139,3,2.5,2700,3,2010,509900
5/5/2014 0:00,140,4,2.5,6651,3,2014,631625
5/5/2014 0:00,141,3,2.5,3211,3,2009,555000
5/5/2014 0:00,142,2,1.5,1438,3,2001,340000
5/5/2014 0:00,143,4,2.5,9692,3,2007,830000
5/5/2014 0:00,144,4,4.25,5750,3,2006,890000
5/5/2014 0:00,145,3,3,2017,3,2008,366750
5/5/2014 0:00,146,3,2.25,998,3,2010,415000
5/5/2014 0:00,147,3,2.5,989,3,2005,416286
5/5/2014 0:00,148,3,2.5,4535,3,2007,478000
5/5/2014 0:00,149,5,3.5,6000,3,2006,890000
5/5/2014 0:00,150,2,2.5,1426,3,2014,419190
5/5/2014 0:00,151,4,2.5,4247,3,2013,712198
5/6/2014 0:00,152,4,2,7680,3,1971,397000
5/6/2014 0:00,153,2,2,3000,3,1912,450000
5/6/2014 0:00,154,3,1,7740,4,1947,353000
5/6/2014 0:00,155,4,2.5,37981,3,1985,609000
5/6/2014 0:00,156,3,1.75,8366,4,1975,234000
5/6/2014 0:00,157,3,2,7000,3,1916,561000
5/6/2014 0:00,158,2,1,4400,3,1924,469000
5/6/2014 0:00,159,2,1,6687,3,1942,329350
5/6/2014 0:00,160,5,2,5000,4,1938,488000
5/6/2014 0:00,161,3,1.75,8151,4,1962,279900
5/6/2014 0:00,162,4,2.5,13850,3,1987,606000
5/6/2014 0:00,163,4,2,7054,3,1950,312000
5/6/2014 0:00,164,3,1.5,7475,3,1940,650000
5/6/2014 0:00,165,4,2.75,8103,3,1970,1135000
5/6/2014 0:00,166,4,2.5,6156,3,1980,325000
5/6/2014 0:00,167,4,2,7983,5,1967,425000
5/6/2014 0:00,168,2,1,5160,3,1952,219000
5/6/2014 0:00,169,3,1,6874,3,1954,250000
5/6/2014 0:00,170,3,1.75,6500,4,1966,390000
5/6/2014 0:00,171,6,3,117612,3,1924,475000
5/6/2014 0:00,172,4,2.5,12047,4,1988,736000
5/6/2014 0:00,173,4,2.25,23400,3,1958,407000
5/6/2014 0:00,174,3,2.5,13816,3,1998,272000
5/6/2014 0:00,175,3,2.25,14374,4,1963,362000
5/6/2014 0:00,176,3,2.5,10109,3,1991,535000
5/6/2014 0:00,177,4,2.5,5390,3,2003,284000
5/6/2014 0:00,178,3,1.5,9647,3,1961,367500
5/6/2014 0:00,179,4,1.75,11600,4,1955,379900
5/6/2014 0:00,180,3,2.5,54885,4,1980,520000
5/6/2014 0:00,181,3,1,7034,3,1954,175000
5/6/2014 0:00,182,2,2.25,929,3,2004,460000
5/6/2014 0:00,183,4,2.5,3826,3,2007,345000
5/6/2014 0:00,184,5,2.5,7770,3,1978,455000
5/6/2014 0:00,185,4,3,10117,5,1967,610000
5/6/2014 0:00,186,4,3,15480,3,1996,563000
5/6/2014 0:00,187,4,2,5000,3,1949,612500
5/6/2014 0:00,188,3,1.75,7684,3,1979,218000
5/6/2014 0:00,189,4,1.75,10720,3,1958,404000
5/6/2014 0:00,190,4,2,32417,3,2000,860000
5/6/2014 0:00,191,3,1.5,8580,3,1962,136500
5/6/2014 0:00,192,3,1,6083,4,1940,313950
5/6/2014 0:00,193,3,1.75,6500,3,1954,575000
5/6/2014 0:00,194,4,2.25,6906,4,1928,1225000
5/6/2014 0:00,195,3,1.75,11800,4,1971,280000
5/6/2014 0:00,196,3,2.5,7167,3,1989,515000
5/6/2014 0:00,197,4,2.5,5684,3,1996,513000
5/6/2014 0:00,198,4,2.25,29930,4,1977,599000
5/6/2014 0:00,199,4,2.5,7864,3,1999,685000
5/6/2014 0:00,200,3,1.5,8160,3,1950,365000
5/6/2014 0:00,201,4,2.5,14550,3,1987,762300
5/6/2014 0:00,202,4,3.25,10920,5,1950,1580000
5/6/2014 0:00,203,5,2.25,8111,3,1984,562000
5/6/2014 0:00,204,5,2.5,9636,4,1964,530000
5/6/2014 0:00,205,3,2.5,11985,3,1995,525000
5/6/2014 0:00,206,2,1.75,6000,3,1942,484000
5/6/2014 0:00,207,4,2.5,12369,3,1998,725126
5/6/2014 0:00,208,4,2,18768,5,1965,360000
5/6/2014 0:00,209,3,1,9568,5,1962,387000
5/6/2014 0:00,210,4,2.5,45732,3,1995,483500
5/6/2014 0:00,211,4,3.5,8330,3,2000,655500
5/6/2014 0:00,212,3,1,6250,3,1956,345000
5/6/2014 0:00,213,5,2.75,3780,3,1926,533000
5/6/2014 0:00,214,3,1.75,5520,3,1982,385000
5/6/2014 0:00,215,2,1,36478,3,1951,675000
5/6/2014 0:00,216,3,1.75,7735,4,1976,197000
5/6/2014 0:00,217,3,2,4080,3,1905,485000
5/6/2014 0:00,218,5,4,15175,3,1969,1870000
5/6/2014 0:00,219,3,2.25,8000,4,1974,295000
5/6/2014 0:00,220,2,1.75,2400,4,1903,499000
5/6/2014 0:00,221,3,2.5,1970,3,2008,1050000
5/6/2014 0:00,222,3,1.5,8850,4,1959,191000
5/6/2014 0:00,223,3,2.5,1171,3,2006,500000
5/6/2014 0:00,224,5,3.75,5000,3,2006,390000
5/6/2014 0:00,225,3,2.5,4047,3,2014,979000
5/6/2014 0:00,226,4,3.25,8327,3,2013,580000
5/6/2014 0:00,227,3,2,1320,3,2006,369950
5/6/2014 0:00,228,5,5,10279,3,2013,1800000
5/6/2014 0:00,229,4,2.5,6425,3,2008,776000
5/7/2014 0:00,230,3,2.25,1249,3,2014,519950
5/7/2014 0:00,231,5,2.25,8632,3,1962,255000
5/7/2014 0:00,232,3,1,6000,3,1943,495000
5/7/2014 0:00,233,4,2.5,5203,3,2003,510000
5/7/2014 0:00,234,4,4,103382,3,2001,1150000
5/7/2014 0:00,235,3,1.75,10122,3,1994,253000
5/7/2014 0:00,236,3,2.75,6760,5,1980,503000
5/7/2014 0:00,237,3,2.5,7000,4,1993,275000
5/7/2014 0:00,238,3,1,8423,3,1952,249000
5/7/2014 0:00,239,3,1.75,10723,4,1974,310000
5/7/2014 0:00,240,3,2.75,5401,4,1946,750000
5/7/2014 0:00,241,3,2.5,327135,3,1995,630000
5/7/2014 0:00,242,9,4.5,6988,3,1938,599999
5/7/2014 0:00,243,4,2.75,9549,4,1956,758000
5/7/2014 0:00,244,4,1.75,10018,5,1960,248500
5/7/2014 0:00,245,3,1.75,37904,4,1973,310000
5/7/2014 0:00,246,3,2,9055,4,1985,460000
5/7/2014 0:00,247,3,1.75,10500,4,1959,675000
5/7/2014 0:00,248,2,2,2400,4,1900,526000
5/7/2014 0:00,249,3,3,60392,3,1994,560000
5/7/2014 0:00,250,4,3,9548,3,1991,415000
5/7/2014 0:00,251,3,1,7410,3,1944,246000
5/7/2014 0:00,252,3,1.75,12381,4,1957,314500
5/7/2014 0:00,253,7,4.5,8856,5,1910,3200000
5/7/2014 0:00,254,2,1.5,3500,4,1904,420000
5/7/2014 0:00,255,3,1.75,149410,3,1988,535000
5/7/2014 0:00,256,3,1,9360,3,1981,350000
5/7/2014 0:00,257,3,1.75,9147,4,1967,515000
5/7/2014 0:00,258,4,2.75,6050,5,1949,749950
5/7/2014 0:00,259,3,2.5,9180,3,1988,230000
5/7/2014 0:00,260,3,2,5080,3,1929,568000
5/7/2014 0:00,261,1,1,4373,2,1947,250000
5/7/2014 0:00,262,4,2,13695,4,1961,581000
5/7/2014 0:00,263,3,2.5,108366,4,1991,651000
5/7/2014 0:00,264,3,2.5,108900,4,1977,600000
5/7/2014 0:00,265,2,1,3885,4,1906,500000
5/7/2014 0:00,266,2,1,2723,3,1921,475000
5/7/2014 0:00,267,5,2.5,8560,3,1978,352000
5/7/2014 0:00,268,3,2.25,8165,3,1977,420000
5/7/2014 0:00,269,2,2,3900,3,2003,428000
5/7/2014 0:00,270,3,1.75,4788,4,1920,599000
5/7/2014 0:00,271,4,2.5,16164,5,1922,492000
5/7/2014 0:00,272,2,2.25,5663,3,2011,630000
5/7/2014 0:00,273,5,3.75,226076,3,1985,900000
5/7/2014 0:00,274,4,1.5,13300,3,1950,1110000
5/7/2014 0:00,275,4,2,5000,3,1955,575000
5/7/2014 0:00,276,4,2.5,4316,3,1905,705000
5/7/2014 0:00,277,4,2.25,5940,3,1963,940000
5/7/2014 0:00,278,3,1.75,8000,4,1967,313000
5/7/2014 0:00,279,3,2.5,6500,3,1988,618080
5/7/2014 0:00,280,3,3,5175,3,2002,640000
5/7/2014 0:00,281,3,2,4160,4,1917,485000
5/7/2014 0:00,282,2,1,3001,3,1913,300000
5/7/2014 0:00,283,2,1,17335,3,1978,379500
5/7/2014 0:00,284,3,2.25,12295,4,1985,339950
5/7/2014 0:00,285,6,2.5,6480,4,1914,1500000
5/7/2014 0:00,286,3,3,5500,3,1937,1340000
5/7/2014 0:00,287,3,2.5,37565,4,1987,500000
5/7/2014 0:00,288,3,2,7566,3,1985,239900
5/7/2014 0:00,289,3,1,16986,4,1968,314950
5/7/2014 0:00,290,2,1,6400,4,1944,361280
5/7/2014 0:00,291,2,1,22000,3,1956,100000
5/7/2014 0:00,292,7,5.75,7647,3,1948,540000
5/7/2014 0:00,293,4,2.5,11200,4,1968,480500
5/7/2014 0:00,294,3,2.5,4271,3,2000,280000
5/7/2014 0:00,295,3,1.75,6180,4,1947,440000
5/7/2014 0:00,296,3,1,4284,3,1910,530000
5/7/2014 0:00,297,3,2,13374,3,1985,560000
5/7/2014 0:00,298,3,2,7200,4,1905,775000
5/7/2014 0:00,299,2,1,13100,5,1912,160000
5/7/2014 0:00,300,3,1.5,11130,3,1960,209950
5/7/2014 0:00,301,3,1.75,10762,3,1988,226500
5/7/2014 0:00,302,5,1.75,6000,5,1958,380000
5/7/2014 0:00,303,4,2.75,13000,3,1968,409500
5/7/2014 0:00,304,3,2,6428,4,1942,690000
5/7/2014 0:00,305,3,2.25,8307,4,1961,405000
5/7/2014 0:00,306,3,2.5,13042,3,1990,375000
5/7/2014 0:00,307,4,2,8556,4,1954,794154
5/7/2014 0:00,308,4,1,6600,3,1969,185000
5/7/2014 0:00,309,3,1.5,1270,3,2005,245000
5/7/2014 0:00,310,5,4.5,8076,3,2007,1532500
5/7/2014 0:00,311,4,3.5,8391,3,2006,1040000
5/7/2014 0:00,312,2,2.5,1027,3,2008,425000
5/7/2014 0:00,313,4,2.75,21195,3,2014,495000
5/7/2014 0:00,314,5,2.75,5003,3,2008,365000
5/7/2014 0:00,315,3,2.25,1452,3,2009,417250
5/7/2014 0:00,316,2,1,681,3,2006,339950
5/8/2014 0:00,317,2,1,6872,4,1946,615000
5/8/2014 0:00,318,3,2.75,8354,3,2012,403000
5/8/2014 0:00,319,5,2.5,11470,4,1971,980000
5/8/2014 0:00,320,4,1.75,8320,3,1977,258000
5/8/2014 0:00,321,3,1,4080,3,1967,533000
5/8/2014 0:00,322,4,2.5,4630,3,2005,537500
5/8/2014 0:00,323,5,3,9601,5,1968,830000
5/8/2014 0:00,324,3,1,4620,4,1900,712000
5/8/2014 0:00,325,4,2.5,6236,3,2002,262000
5/8/2014 0:00,326,4,2.5,5500,3,2003,753888
5/8/2014 0:00,327,2,1.5,5000,3,1922,134000
5/8/2014 0:00,328,3,2.5,8000,4,1977,402000
5/8/2014 0:00,329,2,1,5040,3,1955,205000
5/8/2014 0:00,330,2,2.5,1349,3,1997,553650
5/8/2014 0:00,331,2,2,4950,3,2006,559950
5/8/2014 0:00,332,4,1.5,8800,3,1962,260000
5/8/2014 0:00,333,4,2.5,6509,3,1994,270000
5/8/2014 0:00,334,2,1.75,89298,3,1973,295000
5/8/2014 0:00,335,3,2.5,4500,4,1928,719000
5/8/2014 0:00,336,3,2.5,8547,3,1989,266000
5/8/2014 0:00,337,4,2.5,6270,3,2004,325900
5/8/2014 0:00,338,4,1.75,26036,4,1947,647500
5/8/2014 0:00,339,4,1,5000,5,1910,1039000
5/8/2014 0:00,340,4,2.25,41688,3,1980,569000
5/8/2014 0:00,341,3,1.75,7399,4,1975,246000
5/8/2014 0:00,342,2,1,4960,3,1926,515000
5/8/2014 0:00,343,3,1,8995,4,1954,207000
5/8/2014 0:00,344,4,1.75,9195,3,1950,780000
5/8/2014 0:00,345,5,2.25,20828,4,1975,489990
5/8/2014 0:00,346,3,1.5,87625,2,1980,335000
5/8/2014 0:00,347,3,2.5,7229,3,1993,295000
5/8/2014 0:00,348,3,1.75,9920,3,1944,385000
5/8/2014 0:00,349,4,1.75,13515,4,1940,350000
5/8/2014 0:00,350,2,1,3008,4,1923,235000
5/8/2014 0:00,351,2,1.5,1808,3,1993,358000
5/8/2014 0:00,352,4,2.5,6465,3,2002,716500
5/8/2014 0:00,353,4,1.75,6120,3,1965,228000
5/8/2014 0:00,354,2,1,8155,4,1948,405000
5/8/2014 0:00,355,4,1.75,9600,3,1967,538000
5/8/2014 0:00,356,3,1.75,6760,4,1973,530000
5/8/2014 0:00,357,6,3,5760,4,1906,1750000
5/8/2014 0:00,358,2,1.75,3600,5,1925,636000
5/8/2014 0:00,359,4,2.5,65836,3,2004,535000
5/8/2014 0:00,360,3,1.75,12757,4,1952,1500000
5/8/2014 0:00,361,3,2.5,3942,3,2008,868500
5/8/2014 0:00,362,4,2.75,2850,4,1930,530000
5/8/2014 0:00,363,3,2,43560,3,1954,450000
5/8/2014 0:00,364,3,1.75,6000,3,1939,230000
5/8/2014 0:00,365,3,2.5,3000,3,2002,229000
5/8/2014 0:00,366,3,1.75,9282,4,1976,437000
5/8/2014 0:00,367,5,3.25,3200,5,1932,1307000
5/8/2014 0:00,368,3,2.5,3354,4,1991,595000
5/8/2014 0:00,369,3,1.75,5750,5,1918,660000
5/8/2014 0:00,370,4,2.5,7350,3,1989,347500
5/8/2014 0:00,371,3,2,10800,3,1967,297950
5/8/2014 0:00,372,3,1.5,7964,4,1955,245000
5/8/2014 0:00,373,6,2.25,15600,5,1940,543200
5/8/2014 0:00,374,4,3.25,24166,4,1990,1250000
5/8/2014 0:00,375,3,2.5,1614,3,2008,413450
5/8/2014 0:00,376,2,2,435600,2,1972,330000
5/8/2014 0:00,377,3,1.75,7700,3,1979,424500
5/8/2014 0:00,378,3,1,16000,4,1960,230000
5/8/2014 0:00,379,3,3.25,4080,3,1912,930000
5/8/2014 0:00,380,3,1.75,9620,3,1988,349000
5/8/2014 0:00,381,4,2,6960,5,1941,835000
5/8/2014 0:00,382,3,2.75,16807,3,2007,988500
5/8/2014 0:00,383,3,1.75,1197,3,2012,500000
5/8/2014 0:00,384,2,1.5,957,3,2005,499000
5/8/2014 0:00,385,2,1.25,1277,3,2007,321950
5/8/2014 0:00,386,3,2.5,4729,3,2011,494000
5/8/2014 0:00,387,2,1.5,1060,3,2008,441750
5/8/2014 0:00,388,2,1,1179,3,2010,438000
5/9/2014 0:00,389,4,2.25,37769,3,1989,985000
5/9/2014 0:00,390,3,2.25,11050,4,1972,352000
5/9/2014 0:00,391,4,3.5,13592,3,2013,839900
5/9/2014 0:00,392,4,2.75,10819,3,1996,765000
5/9/2014 0:00,393,4,1.75,5500,5,1926,460000
5/9/2014 0:00,394,4,1,8355,4,1983,224500
5/9/2014 0:00,395,3,2.5,4597,3,2003,254000
5/9/2014 0:00,396,2,1,28717,4,1984,255000
5/9/2014 0:00,397,3,3,45302,4,1976,610000
5/9/2014 0:00,398,4,3,11025,3,1976,920000
5/9/2014 0:00,399,4,2.5,11951,3,1988,402500
5/9/2014 0:00,400,3,1.75,8700,4,1912,280950
5/9/2014 0:00,401,4,2.5,7753,3,1989,604000
5/9/2014 0:00,402,4,2.25,7447,3,1984,565000
5/9/2014 0:00,403,2,1,7980,1,1928,255000
5/9/2014 0:00,404,4,2,6000,5,1959,445000
5/9/2014 0:00,405,3,2.25,11665,3,2001,2400000
5/9/2014 0:00,406,2,1,18000,3,1950,195000
5/9/2014 0:00,407,3,1.5,48257,3,1922,275000
5/9/2014 0:00,408,3,2.25,1606,3,2003,387000
5/9/2014 0:00,409,2,1,3300,4,1910,490000
5/9/2014 0:00,410,3,2.5,5824,3,1999,505000
5/9/2014 0:00,411,3,1.5,10464,4,1973,303500
5/9/2014 0:00,412,3,1.5,6337,5,1953,270000
5/9/2014 0:00,413,4,2.75,7213,3,1977,323000
5/9/2014 0:00,414,3,3.25,1253,3,2005,382000
5/9/2014 0:00,415,4,2.75,9450,5,1962,1370000
5/9/2014 0:00,416,4,2,14439,4,1977,280000
5/9/2014 0:00,417,3,2,8075,4,1969,260000
5/9/2014 0:00,418,3,1,8320,4,1959,201500
5/9/2014 0:00,419,4,4.25,52889,4,1996,1157200
5/9/2014 0:00,420,4,1.75,4000,5,1926,536500
5/9/2014 0:00,421,4,3,5883,3,2006,248000
5/9/2014 0:00,422,5,3,57499,4,1976,532000
5/9/2014 0:00,423,4,2.5,6268,3,1998,580000
5/9/2014 0:00,424,2,1,4400,4,1905,463000
5/9/2014 0:00,425,4,2.75,3773,3,1919,742500
5/9/2014 0:00,426,3,2.5,14850,4,1963,260000
5/9/2014 0:00,427,4,2.25,32496,3,1993,590000
5/9/2014 0:00,428,4,2.25,7452,3,1984,312000
5/9/2014 0:00,429,3,2.25,10140,4,1980,566000
5/9/2014 0:00,430,3,2,7293,4,1963,511555
5/9/2014 0:00,431,4,2.5,4000,3,2001,583000
5/9/2014 0:00,432,4,2.5,13300,4,1968,290000
5/9/2014 0:00,433,4,2.25,8078,4,1977,311100
5/9/2014 0:00,434,3,2.25,1694,3,2007,325000
5/9/2014 0:00,435,3,1.75,11340,4,1987,491300
5/9/2014 0:00,436,5,1.75,8100,4,1956,315000
5/9/2014 0:00,437,2,1,81892,3,1956,360000
5/9/2014 0:00,438,4,2.5,3784,3,2003,330000
5/9/2014 0:00,439,3,2,4800,3,1940,481450
5/9/2014 0:00,440,3,1,9948,3,1977,234950
5/9/2014 0:00,441,3,1.75,7250,3,1962,251000
5/9/2014 0:00,442,4,2.5,20345,3,1979,782000
5/9/2014 0:00,443,4,2.75,10308,3,1999,833000
5/9/2014 0:00,444,4,2.5,14289,4,1978,542500
5/9/2014 0:00,445,3,2.5,107290,3,1987,851000
5/9/2014 0:00,446,4,1.5,70800,3,1976,325000
5/9/2014 0:00,447,4,2.25,48787,3,1992,415000
5/9/2014 0:00,448,3,1,6127,3,1947,252500
5/9/2014 0:00,449,4,2.5,9653,4,1968,465000
5/9/2014 0:00,450,3,1.75,120661,4,1979,336900
5/9/2014 0:00,451,3,2.5,9202,4,1992,225000
5/9/2014 0:00,452,3,2,9583,4,1969,270000
5/9/2014 0:00,453,5,4.5,23716,3,1987,1702500
5/9/2014 0:00,454,3,1.75,5413,3,1925,536000
5/9/2014 0:00,455,4,3.25,29252,4,1982,585000
5/9/2014 0:00,456,2,2,6634,3,1940,445000
5/9/2014 0:00,457,4,2.25,7490,3,1980,320000
5/9/2014 0:00,458,4,3.5,3047,3,2006,769900
5/9/2014 0:00,459,4,2.5,4500,3,2012,557000
5/9/2014 0:00,460,2,1.5,1525,3,2004,212000
5/9/2014 0:00,461,3,2,1384,3,2008,376000
5/9/2014 0:00,462,4,3.25,159430,3,2007,800000
5/9/2014 0:00,463,5,6.5,130017,3,2010,2238888
5/9/2014 0:00,464,3,2.25,904,3,2007,324000
5/10/2014 0:00,465,5,2.75,7015,5,1979,549900
5/10/2014 0:00,466,3,2.5,6969,3,2003,320000
5/10/2014 0:00,467,4,2,6000,3,1921,875000
5/10/2014 0:00,468,4,1,9533,3,1962,265000
5/10/2014 0:00,469,3,2.5,1250,3,2006,394950
5/11/2014 0:00,470,4,2.5,5298,4,1902,842500
5/11/2014 0:00,471,3,2.5,1350,3,2007,368000
5/12/2014 0:00,472,4,4.5,101930,3,2001,1225000
5/12/2014 0:00,473,4,2.5,5000,3,1995,885000
5/12/2014 0:00,474,3,2.5,2287,3,2014,453246
5/12/2014 0:00,475,4,2.75,12090,3,1953,927000
5/12/2014 0:00,476,2,2.5,1391,3,2004,490000
5/12/2014 0:00,477,3,1.5,7119,4,1952,341000
5/12/2014 0:00,478,1,1,2451,5,1941,235000
5/12/2014 0:00,479,3,1.75,8078,4,1928,1200000
5/12/2014 0:00,480,3,2,216777,3,1986,560000
5/12/2014 0:00,481,4,3.25,38412,3,1978,900000
5/12/2014 0:00,482,2,1,2500,3,1910,255000
5/12/2014 0:00,483,5,2.75,20150,4,1975,1575000
5/12/2014 0:00,484,3,3.25,12508,5,1928,876650
5/12/2014 0:00,485,4,2.25,228254,3,1990,540000
5/12/2014 0:00,486,2,1,4500,4,1906,350000
5/12/2014 0:00,487,4,2.5,4930,3,2000,750000
5/12/2014 0:00,488,4,1.75,4650,3,1951,582000
5/12/2014 0:00,489,4,3.5,3997,3,2004,1315000
5/12/2014 0:00,490,5,3,10090,3,2004,372500
5/12/2014 0:00,491,3,2.25,16921,3,1987,410000
5/12/2014 0:00,492,4,2,5500,5,1943,360000
5/12/2014 0:00,493,3,2.5,34527,4,1954,1015000
5/12/2014 0:00,494,3,1,8012,4,1966,225000
5/12/2014 0:00,495,4,2.5,6887,3,1999,647000
5/12/2014 0:00,496,5,3,258746,4,2003,950000
5/12/2014 0:00,497,3,1.5,8470,4,1961,185000
5/12/2014 0:00,498,3,2.5,4927,3,2004,335000
5/12/2014 0:00,499,3,2.5,2643,3,2004,210000
5/12/2014 0:00,500,4,2.25,8623,4,1980,522000
5/12/2014 0:00,501,3,1.75,5000,3,1954,770000
5/12/2014 0:00,502,3,1,6380,3,1941,499950
5/12/2014 0:00,503,4,2.5,6142,3,2004,751000
5/12/2014 0:00,504,5,3,7715,3,2013,330000
5/12/2014 0:00,505,3,1.5,11358,4,1956,465000
5/12/2014 0:00,506,4,1.75,11914,4,1961,850000
5/12/2014 0:00,507,4,2.25,12329,4,1968,947500
5/12/2014 0:00,508,5,2.25,7813,3,1986,302000
5/12/2014 0:00,509,2,2.25,1334,3,2007,500000
5/12/2014 0:00,510,3,1,9750,4,1969,201000
5/12/2014 0:00,511,2,1,2828,3,2008,265000
5/12/2014 0:00,512,4,2.5,3150,4,1910,870300
5/12/2014 0:00,513,3,1,8100,4,1955,339000
5/12/2014 0:00,514,4,2.5,13463,4,1989,690000
5/12/2014 0:00,515,4,3.25,5759,3,2003,788000
5/12/2014 0:00,516,3,1.75,8040,3,1951,315275
5/12/2014 0:00,517,4,1.75,4800,5,1922,505000
5/12/2014 0:00,518,3,1,9898,3,1968,368000
5/12/2014 0:00,519,3,2.75,27144,5,1917,947500
5/12/2014 0:00,520,3,1,8580,3,1959,156000
5/12/2014 0:00,521,4,3,5000,4,1930,610000
5/12/2014 0:00,522,2,2.5,1369,3,2009,420000
5/12/2014 0:00,523,2,1,10540,3,1953,192000
5/12/2014 0:00,524,3,2,6120,4,1962,910000
5/12/2014 0:00,525,4,3.25,9687,3,1918,1300000
5/12/2014 0:00,526,5,1.75,20021,4,1963,1346400
5/12/2014 0:00,527,4,2.75,2750,3,1936,840000
5/12/2014 0:00,528,2,1.75,8100,3,1975,300000
5/12/2014 0:00,529,4,2.5,6369,3,1978,505000
5/12/2014 0:00,530,3,1,53143,5,1945,110000
5/12/2014 0:00,531,3,2.5,8950,3,1992,746000
5/12/2014 0:00,532,3,1.5,7620,5,1941,211000
5/12/2014 0:00,533,4,3,3340,4,1964,675000
5/12/2014 0:00,534,4,2.5,5000,5,1928,734200
5/12/2014 0:00,535,4,2.25,16028,3,1976,1225000
5/12/2014 0:00,536,2,1.75,28593,4,1919,615000
5/12/2014 0:00,537,4,2,6000,5,1911,630000
5/12/2014 0:00,538,4,3.75,9170,3,2012,1264000
5/12/2014 0:00,539,2,1.5,1333,3,2005,301500
5/12/2014 0:00,540,2,2.5,895,3,2009,369000
5/12/2014 0:00,541,3,2.5,1433,3,2010,635000
5/12/2014 0:00,542,4,3.25,5187,3,2014,1033888
5/12/2014 0:00,543,4,2.5,6223,3,2010,383000
5/12/2014 0:00,544,4,3.75,11000,3,2008,1050000
5/13/2014 0:00,545,4,2.5,7685,3,2001,455000
5/13/2014 0:00,546,5,2.75,7119,3,2013,819900
5/13/2014 0:00,547,3,3.5,1846,4,2009,625000
5/13/2014 0:00,548,4,2.5,7140,3,1993,651000
5/13/2014 0:00,549,5,4.75,35000,3,1976,480000
5/13/2014 0:00,550,3,3.25,5283,3,2007,757000
5/13/2014 0:00,551,3,2.25,10450,3,1977,460000
5/13/2014 0:00,552,4,2.25,8165,4,1972,267345
5/13/2014 0:00,553,2,2,4950,3,2006,530000
5/13/2014 0:00,554,3,2,6610,4,1954,449500
5/13/2014 0:00,555,3,1,7315,5,1981,289000
5/13/2014 0:00,556,5,2.5,5710,3,2006,373000
5/13/2014 0:00,557,5,3,4591,3,1994,525000
5/13/2014 0:00,558,3,3.25,59677,3,2003,777000
5/13/2014 0:00,559,4,2,7500,5,1956,550000
5/13/2014 0:00,560,3,1.5,7735,4,1957,523000
5/13/2014 0:00,561,4,2,6000,3,1958,628000
5/13/2014 0:00,562,4,1.75,8164,4,1963,581000
5/13/2014 0:00,563,5,1.75,7902,3,1962,245000
5/13/2014 0:00,564,3,1.75,5000,5,1911,415000
5/13/2014 0:00,565,5,2.25,16672,4,1969,1895000
5/13/2014 0:00,566,3,1.5,7500,3,1967,225000
5/13/2014 0:00,567,3,2.25,9600,4,1987,287000
5/13/2014 0:00,568,6,3,2370,3,1906,799200
5/13/2014 0:00,569,3,1,33888,4,1942,239950
5/13/2014 0:00,570,3,1.75,2400,5,1922,591000
5/13/2014 0:00,571,3,2.5,8398,4,1975,700000
5/13/2014 0:00,572,4,2.5,8700,3,2004,475000
5/13/2014 0:00,573,3,1.75,11750,4,1951,575000
5/13/2014 0:00,574,3,2.25,6120,4,1927,771000
5/13/2014 0:00,575,2,1,6232,3,1943,155000
5/13/2014 0:00,576,7,4,8100,3,1970,550000
5/13/2014 0:00,577,3,2.5,13750,4,1975,645000
5/13/2014 0:00,578,5,2.5,8970,4,1959,464000
5/13/2014 0:00,579,4,3.25,16625,3,2003,1050000
5/13/2014 0:00,580,3,2.5,14298,3,1977,350000
5/13/2014 0:00,581,4,2.25,38180,4,1977,591000
5/13/2014 0:00,582,4,2.5,26211,2,1923,2555000
5/13/2014 0:00,583,3,1.5,3880,3,1956,717000
5/13/2014 0:00,584,4,1.5,12559,3,1939,225000
5/13/2014 0:00,585,3,1,6535,3,1947,225000
5/13/2014 0:00,586,3,1.75,7200,3,1968,345000
5/13/2014 0:00,587,2,0.75,5360,4,1931,230000
5/13/2014 0:00,588,3,2,6600,3,1943,385000
5/13/2014 0:00,589,2,1,2640,3,1973,90000
5/13/2014 0:00,590,4,2.5,11119,3,1986,860000
5/13/2014 0:00,591,4,2.5,5548,3,2006,675000
5/13/2014 0:00,592,4,2.5,7494,3,2000,975000
5/13/2014 0:00,593,3,1.75,10495,4,1967,780000
5/13/2014 0:00,594,3,1.75,8254,5,1951,370000
5/13/2014 0:00,595,3,2,5820,5,1944,665000
5/13/2014 0:00,596,5,3,9600,4,1968,675000
5/13/2014 0:00,597,3,1,4050,3,1909,620000
5/13/2014 0:00,598,4,1.5,4000,5,1905,1105000
5/13/2014 0:00,599,3,2.75,892,3,2010,450000
5/13/2014 0:00,600,3,2.25,42180,4,1978,450000
5/13/2014 0:00,601,3,1.75,8190,4,1958,530000
5/13/2014 0:00,602,4,1.75,13320,4,1969,635000
5/13/2014 0:00,603,5,2,7125,3,1964,580000
5/13/2014 0:00,604,5,3.25,17458,5,1982,1550000
5/13/2014 0:00,605,3,1,8640,4,1973,285000
5/13/2014 0:00,606,3,1,9486,4,1953,375000
5/13/2014 0:00,607,5,4.25,7924,3,2001,1400000
5/13/2014 0:00,608,3,1,5000,3,1910,560000
5/13/2014 0:00,609,4,1.75,13529,3,1956,405000
5/13/2014 0:00,610,4,1,6000,3,1925,413000
5/13/2014 0:00,611,3,2.5,8251,3,1990,287600
5/13/2014 0:00,612,5,3.25,23723,4,1989,1680000
5/13/2014 0:00,613,3,1,7210,3,1963,225000
5/13/2014 0:00,614,3,1,12823,4,1968,319000
5/13/2014 0:00,615,3,2,14200,3,1989,322500
5/13/2014 0:00,616,3,2,5401,4,1937,570000
5/13/2014 0:00,617,3,1.5,5112,3,1950,465000
5/13/2014 0:00,618,4,2.25,6355,3,2002,435000
5/13/2014 0:00,619,4,2.5,5616,3,2012,502000
5/13/2014 0:00,620,3,3.5,5086,3,2007,525000
5/13/2014 0:00,621,3,2.5,1161,3,2008,525000
5/13/2014 0:00,622,4,3.5,5196,3,2012,660000
5/13/2014 0:00,623,4,2.5,6773,3,2006,870000
5/13/2014 0:00,624,4,2.5,4861,3,2013,650000
5/13/2014 0:00,625,4,2.5,5602,3,2009,505000
5/13/2014 0:00,626,3,2.5,5008,3,2007,330000
5/14/2014 0:00,627,4,1.75,4980,4,1947,385000
5/14/2014 0:00,628,3,1.5,1086,3,2007,306000
5/14/2014 0:00,629,3,1.75,5000,4,1921,546000
5/14/2014 0:00,630,4,2.5,7350,5,1958,925000
5/14/2014 0:00,631,4,1.75,8250,4,1955,542000
5/14/2014 0:00,632,3,1,4400,4,1906,800000
5/14/2014 0:00,633,5,2.5,3832,5,1929,620000
5/14/2014 0:00,634,2,1,8925,3,1911,175000
5/14/2014 0:00,635,5,5,31675,3,1984,740000
5/14/2014 0:00,636,3,2.25,15003,3,1984,345000
5/14/2014 0:00,637,3,1.75,26460,3,1986,510000
5/14/2014 0:00,638,4,2.75,15002,5,1974,530000
5/14/2014 0:00,639,2,1,5200,5,1952,155000
5/14/2014 0:00,640,3,2.5,7214,4,1986,266000
5/14/2014 0:00,641,3,2,8250,4,1952,257200
5/14/2014 0:00,642,3,2,5706,3,1998,265000
5/14/2014 0:00,643,3,1,5500,3,1951,372220
5/14/2014 0:00,644,5,2,7314,3,1956,337500
5/14/2014 0:00,645,2,1.5,4800,3,1948,582500
5/14/2014 0:00,646,3,2.75,9600,5,1965,489200
5/14/2014 0:00,647,2,1,3522,3,1947,405100
5/14/2014 0:00,648,3,2.5,1618,3,2014,372977
5/14/2014 0:00,649,3,1,9876,3,1953,310000
5/14/2014 0:00,650,3,1.75,3825,4,1904,538000
5/14/2014 0:00,651,3,2.5,7200,3,1981,1400000
5/14/2014 0:00,652,3,2.5,5011,3,2012,317000
5/14/2014 0:00,653,3,1.5,6750,5,1926,702500
5/14/2014 0:00,654,4,2.5,14667,4,1989,565000
5/14/2014 0:00,655,4,2.5,4004,3,2004,723000
5/14/2014 0:00,656,3,2.5,30007,4,1992,766950
5/14/2014 0:00,657,3,1.75,5120,5,1903,682000
5/14/2014 0:00,658,3,2.5,6049,4,1990,325000
5/14/2014 0:00,659,3,2.5,7640,3,1962,543000
5/14/2014 0:00,660,3,1.75,6120,3,1924,525000
5/14/2014 0:00,661,4,1.75,8625,4,1957,364000
5/14/2014 0:00,662,2,1,4000,3,1955,394475
5/14/2014 0:00,663,4,2.5,7226,3,1995,316000
5/14/2014 0:00,664,3,1,5402,4,1906,339950
5/14/2014 0:00,665,4,2.5,39449,3,1978,486000
5/14/2014 0:00,666,3,1,11900,4,1963,160000
5/14/2014 0:00,667,3,2.5,20553,3,1954,930000
5/14/2014 0:00,668,3,1,17334,3,1978,139000
5/14/2014 0:00,669,3,1.5,8000,4,1957,562000
5/14/2014 0:00,670,2,1.75,34395,4,1950,299000
5/14/2014 0:00,671,3,2.5,4883,3,2005,511000
5/14/2014 0:00,672,3,2,42689,3,1959,499000
5/14/2014 0:00,673,3,3.5,12384,3,1980,356000
5/14/2014 0:00,674,4,2.5,14023,3,1991,470000
5/14/2014 0:00,675,4,2.25,5649,5,1941,715000
5/14/2014 0:00,676,4,2.25,60373,3,1988,1120000
5/14/2014 0:00,677,3,1,7500,4,1940,458000
5/14/2014 0:00,678,5,4.5,8019,3,2008,966000
5/14/2014 0:00,679,3,1.75,10200,4,1966,305495
5/14/2014 0:00,680,2,2,217800,3,1992,543000
5/14/2014 0:00,681,3,2.25,3716,3,1997,340000
5/14/2014 0:00,682,4,2.5,33305,3,1993,633100
5/14/2014 0:00,683,3,1,7830,3,1952,310000
5/14/2014 0:00,684,5,3,10117,3,2005,349950
5/14/2014 0:00,685,2,1,6000,4,1949,267800
5/14/2014 0:00,686,4,2,9010,4,1975,234000
5/14/2014 0:00,687,4,2.5,10157,3,2000,740000
5/14/2014 0:00,688,5,1.75,6000,3,1923,607500
5/14/2014 0:00,689,3,1.75,7473,4,1973,223000
5/14/2014 0:00,690,2,1,2130,4,1918,400000
5/14/2014 0:00,691,3,2.5,13096,3,1986,802000
5/14/2014 0:00,692,4,2.5,4541,3,2006,253000
5/14/2014 0:00,693,4,2,11137,4,1955,1058000
5/14/2014 0:00,694,3,1,8280,3,1946,300000
5/14/2014 0:00,695,4,2.75,11180,4,1966,625000
5/14/2014 0:00,696,4,3.25,7081,3,2004,707000
5/14/2014 0:00,697,4,2.5,7644,3,1995,950000
5/14/2014 0:00,698,4,2.5,24123,3,1999,420000
5/14/2014 0:00,699,4,2.75,7375,4,1973,498000
5/14/2014 0:00,700,3,2.5,17172,3,1989,450000
5/14/2014 0:00,701,5,2.25,9887,3,1972,955000
5/14/2014 0:00,702,2,1,7200,3,1967,215000
5/14/2014 0:00,703,3,2.75,5200,3,2008,437000
5/14/2014 0:00,704,3,2.75,3600,3,2007,773000
5/14/2014 0:00,705,4,3.5,9444,3,2007,1222500
5/15/2014 0:00,706,3,2.5,5025,3,2003,256883
5/15/2014 0:00,707,4,2.5,12032,3,1983,592500
5/15/2014 0:00,708,3,2,7352,3,1979,252350
5/15/2014 0:00,709,4,2.5,5880,3,1998,370000
5/15/2014 0:00,710,3,1.5,10350,3,1959,465750
5/15/2014 0:00,711,3,1,8100,3,1932,185000
5/15/2014 0:00,712,4,2.75,7636,3,1986,582800
5/15/2014 0:00,713,3,1.75,6930,4,1990,245000
5/15/2014 0:00,714,4,1.75,7865,4,1963,302000
5/15/2014 0:00,715,2,1,4520,3,1912,451555
5/15/2014 0:00,716,3,1,10350,4,1957,250000
5/15/2014 0:00,717,4,2.5,7800,3,1989,255000
5/15/2014 0:00,718,4,1.75,11562,3,1947,840000
5/15/2014 0:00,719,3,1,8520,3,1967,190000
5/15/2014 0:00,720,3,1,7066,3,1957,349950
5/15/2014 0:00,721,4,2,4815,3,1909,613000
5/15/2014 0:00,722,3,1,13000,4,1955,300000
5/15/2014 0:00,723,3,2.5,7344,3,1980,455000
5/15/2014 0:00,724,3,2.25,30476,3,1991,335000
5/15/2014 0:00,725,3,1,3090,3,1903,197500
5/15/2014 0:00,726,3,1.5,8475,4,1963,412500
5/15/2014 0:00,727,3,1.5,7000,3,1955,395300
5/15/2014 0:00,728,3,2.25,9630,3,1986,342400
5/15/2014 0:00,729,4,2.5,20301,3,1985,749400
5/15/2014 0:00,730,4,2.5,6807,4,1991,316500
5/15/2014 0:00,731,3,2.5,10800,3,1996,390000
5/15/2014 0:00,732,3,2,7384,3,1979,225000
5/15/2014 0:00,733,3,2.25,40887,4,1980,550000
5/15/2014 0:00,734,3,1,20562,3,1959,280000
5/15/2014 0:00,735,4,2.5,7535,3,2006,1255000
5/15/2014 0:00,736,2,1,6000,3,1946,575000
5/15/2014 0:00,737,5,4.25,16258,3,1990,1000000
5/15/2014 0:00,738,5,1.75,3750,4,1921,585000
5/15/2014 0:00,739,4,2.5,9185,3,1989,620000
5/15/2014 0:00,740,4,2,9987,3,1967,204700
5/15/2014 0:00,741,4,3,9130,3,2001,695000
5/15/2014 0:00,742,4,3.25,7266,3,2003,689900
5/15/2014 0:00,743,4,1.75,8000,4,1960,375000
5/15/2014 0:00,744,7,3.5,29699,3,1961,475000
5/15/2014 0:00,745,3,1,10384,4,1969,215000
5/15/2014 0:00,746,4,1.75,19865,3,1962,2100000
5/15/2014 0:00,747,3,1.75,6117,3,1940,790000
5/15/2014 0:00,748,3,1.75,250470,4,1940,350000
5/15/2014 0:00,749,3,2.5,17622,4,1986,695000
5/15/2014 0:00,750,3,2.25,7748,4,1991,263000
5/15/2014 0:00,751,3,1,10304,5,1953,400000
5/15/2014 0:00,752,3,2.5,7434,3,1991,525000
5/15/2014 0:00,753,3,2.5,7496,3,1994,349950
5/15/2014 0:00,754,4,3.25,12080,3,1988,1085000
5/15/2014 0:00,755,4,3,5352,3,1941,744000
5/15/2014 0:00,756,2,1,6345,3,1919,312500
5/15/2014 0:00,757,3,2,6200,3,1948,240000
5/15/2014 0:00,758,4,2,4000,5,1941,495000
5/15/2014 0:00,759,3,2.5,4638,3,1996,580050
5/15/2014 0:00,760,4,2,7798,4,1947,640000
5/15/2014 0:00,761,3,1.5,10224,4,1956,417000
5/15/2014 0:00,762,3,1,5200,5,1970,174950
5/15/2014 0:00,763,3,1.5,2500,3,1986,295000
5/15/2014 0:00,764,4,1.75,7303,3,1976,423000
5/15/2014 0:00,765,3,1,12305,3,1955,839000
5/15/2014 0:00,766,4,1.75,10290,3,1960,343000
5/15/2014 0:00,767,3,1,6582,5,1946,467000
5/15/2014 0:00,768,3,2.5,2875,4,1997,512500
5/15/2014 0:00,769,4,2.5,17810,3,1979,575000
5/15/2014 0:00,770,3,1.75,6886,3,1924,465000
5/15/2014 0:00,771,3,1,9514,3,1969,270000
5/15/2014 0:00,772,3,1.75,8136,3,1948,340000
5/15/2014 0:00,773,5,3.75,14275,3,1999,765000
5/15/2014 0:00,774,4,2.5,7200,3,1995,497000
5/15/2014 0:00,775,4,2.5,5404,3,2004,803100
5/15/2014 0:00,776,3,2.5,1130,3,2007,344000
5/15/2014 0:00,777,4,3.5,5680,3,2013,828950
5/15/2014 0:00,778,3,2.5,3600,3,2010,386380
5/15/2014 0:00,779,3,2.25,974,3,2009,312000
5/15/2014 0:00,780,3,2.5,151588,3,2007,720000
5/15/2014 0:00,781,4,2.5,10856,3,2013,914500
5/15/2014 0:00,782,5,2.75,10335,3,2013,819995
5/16/2014 0:00,783,2,1.5,9643,3,1985,252700
5/16/2014 0:00,784,3,2.5,36847,3,1992,437500
5/16/2014 0:00,785,1,1,5100,3,1942,350000
5/16/2014 0:00,786,3,2.5,6439,3,2005,619000
5/16/2014 0:00,787,3,2.5,5761,4,1990,408200
5/16/2014 0:00,788,3,1.75,4049,3,1926,451000
5/16/2014 0:00,789,3,2,11410,5,1977,317000
5/16/2014 0:00,790,4,3.25,5000,3,2005,799000
5/16/2014 0:00,791,2,1,7200,4,1947,720000
5/16/2014 0:00,792,3,2,2400,3,1900,490000
5/16/2014 0:00,793,4,2.25,7000,3,1979,239900
5/16/2014 0:00,794,4,2.25,7800,3,1977,446000
5/16/2014 0:00,795,3,2.5,15639,3,1987,275000
5/16/2014 0:00,796,5,1,6032,4,1941,239950
5/16/2014 0:00,797,4,3.5,6519,3,1986,248000
5/16/2014 0:00,798,3,2.5,5000,3,2003,619500
5/16/2014 0:00,799,3,1.75,197326,4,1982,363750
5/16/2014 0:00,800,3,1.75,10541,4,1981,385000
5/16/2014 0:00,801,4,1.5,9957,3,1972,370000
5/16/2014 0:00,802,3,2.5,13218,4,1988,425000
5/16/2014 0:00,803,3,1,6826,3,1944,342000
5/16/2014 0:00,804,4,1,7991,3,1962,345000
5/16/2014 0:00,805,3,2,3933,3,1926,724800
5/16/2014 0:00,806,5,2.75,5310,3,2006,725000
5/16/2014 0:00,807,2,1,3600,4,1909,605000
5/16/2014 0:00,808,4,2.5,4000,3,2009,350000
5/16/2014 0:00,809,3,2,5440,5,1904,785000
5/16/2014 0:00,810,3,2,6660,5,1966,250000
5/16/2014 0:00,811,3,2.25,1221,3,2013,565000
5/16/2014 0:00,812,3,2,6641,4,1947,875000
5/16/2014 0:00,813,4,2.75,24440,3,1996,862500
5/16/2014 0:00,814,3,2.5,83199,3,1973,400000
5/16/2014 0:00,815,2,1,6017,4,1954,282613
5/16/2014 0:00,816,2,1,5200,3,1955,174500
5/16/2014 0:00,817,3,2.25,38377,4,1978,306500
5/16/2014 0:00,818,3,2.25,7340,3,1984,445000
5/16/2014 0:00,819,4,2.5,7568,4,2001,433000
5/16/2014 0:00,820,3,2.5,5874,3,2005,306000
5/16/2014 0:00,821,3,2.25,4000,4,1921,620000
5/16/2014 0:00,822,2,1,6150,3,1941,245000
5/16/2014 0:00,823,3,2,1204,3,2004,238000
5/16/2014 0:00,824,3,1.5,3135,3,1931,523000
5/16/2014 0:00,825,3,2.5,7875,3,2003,522500
5/16/2014 0:00,826,3,1,18513,3,1940,180000
5/16/2014 0:00,827,3,1.5,1751,3,2007,375000
5/16/2014 0:00,828,3,2.25,7673,3,1982,249000
5/16/2014 0:00,829,4,2.5,14300,3,2003,730100
5/16/2014 0:00,830,2,2,9604,3,1990,551000
5/16/2014 0:00,831,4,2.5,7956,3,2005,375000
5/16/2014 0:00,832,1,1,6700,3,1920,540000
5/16/2014 0:00,833,3,2.25,2500,4,1987,605000
5/16/2014 0:00,834,5,1.75,5200,4,1978,205000
5/16/2014 0:00,835,4,2.5,11380,3,1983,645000
5/16/2014 0:00,836,4,2.5,8990,3,2003,314000
5/16/2014 0:00,837,3,1.5,4950,4,1960,330000
5/16/2014 0:00,838,2,1,5000,4,1937,490000
5/16/2014 0:00,839,3,3,24318,3,2010,445000
5/16/2014 0:00,840,5,4.25,10862,4,1991,2000000
5/16/2014 0:00,841,3,2.25,1377,3,2005,377500
5/16/2014 0:00,842,4,2.5,5000,3,2009,480000
5/16/2014 0:00,843,5,1.5,5402,3,2014,804995
5/16/2014 0:00,844,3,2.5,1663,3,2012,341000
5/16/2014 0:00,845,5,2.5,6455,3,2009,675000
5/16/2014 0:00,846,3,2.5,1984,3,2008,611000
5/16/2014 0:00,847,3,3.25,1787,3,2007,379950
5/16/2014 0:00,848,4,3,8313,3,2008,1270000
5/16/2014 0:00,849,2,2.5,1500,3,2006,500000
5/17/2014 0:00,850,3,2,4250,3,1944,410000
5/18/2014 0:00,851,3,2.5,8342,3,1986,415000
5/18/2014 0:00,852,5,2.5,8605,4,1994,297000
5/18/2014 0:00,853,4,2.5,7475,3,1985,575550
5/18/2014 0:00,854,3,2.5,3500,4,1994,534640
5/18/2014 0:00,855,3,2.25,14110,3,1987,352500
5/18/2014 0:00,856,2,2,4688,3,1944,488000
5/18/2014 0:00,857,3,2,55756,5,1954,732000
5/19/2014 0:00,858,2,2.25,2040,4,1979,215000
5/19/2014 0:00,859,2,2,9191,5,1928,592500
5/19/2014 0:00,860,4,2.5,7280,4,1988,290000
5/19/2014 0:00,861,2,1,3825,3,1929,475000
5/19/2014 0:00,862,3,2.5,7757,3,1990,320000
5/19/2014 0:00,863,4,2.5,8684,5,1967,1216000
5/19/2014 0:00,864,5,1.5,7700,5,1962,290000
5/19/2014 0:00,865,4,2,3250,3,1901,487250
5/19/2014 0:00,866,4,2.5,8601,3,2003,339000
5/19/2014 0:00,867,2,1.5,1968,5,1906,440000
5/19/2014 0:00,868,4,2.75,9300,5,1945,366500
5/19/2014 0:00,869,3,1.5,4500,3,1928,462000
5/19/2014 0:00,870,4,1,4690,3,1945,560000
5/19/2014 0:00,871,4,1.75,13629,4,1955,285000
5/19/2014 0:00,872,3,2.5,9675,3,1993,280000
5/19/2014 0:00,873,3,1,21043,3,1942,210000
5/19/2014 0:00,874,3,2,5100,5,1940,690000
5/19/2014 0:00,875,2,1,9912,4,1980,256500
5/19/2014 0:00,876,4,2.75,5257,3,1966,411000
5/19/2014 0:00,877,3,1,7275,4,1970,215000
5/19/2014 0:00,878,5,2,5000,4,1907,762000
5/19/2014 0:00,879,3,1,189486,4,1960,359950
5/19/2014 0:00,880,4,3.5,435600,3,2005,480000
5/19/2014 0:00,881,4,3.5,10769,3,2008,1405000
5/19/2014 0:00,882,4,2.5,8290,3,1999,390000
5/19/2014 0:00,883,2,1,4000,5,1924,413500
5/19/2014 0:00,884,1,1.5,3211,4,1982,285000
5/19/2014 0:00,885,4,2.5,10043,4,1968,475000
5/19/2014 0:00,886,3,2.5,1613,3,2014,386591
5/19/2014 0:00,887,3,1.75,3825,3,1974,524950
5/19/2014 0:00,888,2,2,3128,3,2005,241000
5/19/2014 0:00,889,2,1,7193,3,1926,461000
5/19/2014 0:00,890,4,2.5,59242,3,1988,810000
5/19/2014 0:00,891,4,2.75,3560,3,1921,885000
5/19/2014 0:00,892,3,2.25,7941,4,1986,247000
5/19/2014 0:00,893,3,2.75,7900,4,1978,296500
5/19/2014 0:00,894,2,1,4743,4,1942,141800
5/19/2014 0:00,895,4,2,7800,2,1906,333000
5/19/2014 0:00,896,5,1.75,11900,3,1973,602000
5/19/2014 0:00,897,4,2.25,10698,4,1979,565000
5/19/2014 0:00,898,3,2.5,3565,3,1999,373000
5/19/2014 0:00,899,3,2.25,7350,4,1977,588000
5/19/2014 0:00,900,3,1,4100,3,1926,485000
5/19/2014 0:00,901,3,2.25,1445,3,2005,482500
5/19/2014 0:00,902,4,1.5,8250,3,1953,251200
5/19/2014 0:00,903,5,3.25,49222,4,1979,869000
5/19/2014 0:00,904,3,1.75,28600,3,1967,464000
5/19/2014 0:00,905,4,2.5,10452,3,1993,755000
5/19/2014 0:00,906,3,2.5,1916,3,2005,280000
5/19/2014 0:00,907,2,2.25,1240,3,2004,485000
5/19/2014 0:00,908,3,1.75,12247,3,1981,305000
5/19/2014 0:00,909,2,1,8064,3,1941,110700
5/19/2014 0:00,910,4,3.5,5900,3,1937,850000
5/19/2014 0:00,911,3,2.25,7200,4,1985,350000
5/19/2014 0:00,912,4,1.75,8045,4,1976,319950
5/19/2014 0:00,913,3,1.75,4905,5,1912,700000
5/19/2014 0:00,914,2,1.5,4680,5,1908,368000
5/19/2014 0:00,915,3,2.5,3360,3,2009,433500
5/19/2014 0:00,916,4,2.5,4200,3,1998,611000
5/19/2014 0:00,917,2,1.75,23400,3,1951,1000000
5/19/2014 0:00,918,3,1,7500,3,1960,307000
5/19/2014 0:00,919,3,1.75,10200,3,1967,442500
5/19/2014 0:00,920,3,1.75,7706,3,1908,485000
5/19/2014 0:00,921,2,1,2334,3,1945,367000
5/19/2014 0:00,922,3,2.5,15124,3,1995,429000
5/19/2014 0:00,923,5,2.75,12687,5,1978,446000
5/19/2014 0:00,924,3,2.25,9791,4,1984,572500
5/19/2014 0:00,925,3,2.5,2053,3,2005,477000
5/19/2014 0:00,926,3,2.5,2096,3,2008,518000
5/19/2014 0:00,927,5,1.75,10530,4,1966,462000
5/19/2014 0:00,928,4,3,6000,4,1914,1190000
5/19/2014 0:00,929,3,1,7620,3,1954,137000
5/19/2014 0:00,930,3,3.5,3174,3,1997,530000
5/19/2014 0:00,931,2,2.5,9374,3,2011,818000
5/19/2014 0:00,932,2,2.25,958,3,2007,640000
5/19/2014 0:00,933,5,3,9752,3,2007,298450
5/19/2014 0:00,934,4,2.5,4945,3,2013,575000
5/20/2014 0:00,935,4,2.5,7331,3,2004,730000
5/20/2014 0:00,936,3,2.5,5802,3,2001,551000
5/20/2014 0:00,937,2,1,5340,2,1906,271310
5/20/2014 0:00,938,4,3,28300,3,1954,675000
5/20/2014 0:00,939,3,2.5,889,3,2008,479000
5/20/2014 0:00,940,4,3.5,10000,3,1942,520000
5/20/2014 0:00,941,3,2.5,4975,3,2014,599950
5/20/2014 0:00,942,2,1.75,5120,4,1951,483945
5/20/2014 0:00,943,4,2.25,33132,4,1965,390000
5/20/2014 0:00,944,2,1,7692,3,1926,192500
5/20/2014 0:00,945,2,1,8308,4,1948,330000
5/20/2014 0:00,946,4,2,7560,5,1978,250000
5/20/2014 0:00,947,2,1,5522,4,1943,243000
5/20/2014 0:00,948,4,1.75,6060,3,1926,575000
5/20/2014 0:00,949,4,2.5,12028,4,1982,639000
5/20/2014 0:00,950,2,1,4000,4,1923,710000
5/20/2014 0:00,951,3,2.25,10260,4,1987,675000
5/20/2014 0:00,952,5,2.5,4781,3,2001,405000
5/20/2014 0:00,953,4,2.75,13193,3,1965,615000
5/20/2014 0:00,954,3,1,8190,4,1946,490000
5/20/2014 0:00,955,3,2.25,1213,3,2005,467000
5/20/2014 0:00,956,4,2.75,3960,4,1986,480000
5/20/2014 0:00,957,6,2,4505,3,1952,755000
5/20/2014 0:00,958,4,1.75,13300,4,1987,760000
5/20/2014 0:00,959,2,2.25,1280,3,2012,387000
5/20/2014 0:00,960,4,2.25,41984,4,1967,925000
5/20/2014 0:00,961,2,1,60113,4,1943,415000
5/20/2014 0:00,962,3,1.75,7775,3,1982,263000
5/20/2014 0:00,963,4,2,9350,4,1967,519900
5/20/2014 0:00,964,2,1.75,4025,4,1908,570000
5/20/2014 0:00,965,3,1.5,44866,3,1953,450000
5/20/2014 0:00,966,4,3.5,74052,3,2001,1300000
5/20/2014 0:00,967,3,1,9900,4,1955,300000
5/20/2014 0:00,968,3,1.75,7225,4,1965,320000
5/20/2014 0:00,969,4,1,4440,3,1929,387500
5/20/2014 0:00,970,1,2.25,10350,3,1976,458000
5/20/2014 0:00,971,4,3.5,16643,3,1995,1212500
5/20/2014 0:00,972,4,3,9764,3,2002,380000
5/20/2014 0:00,973,3,1,5000,4,1967,200000
5/20/2014 0:00,974,3,1.5,9630,4,1959,385000
5/20/2014 0:00,975,2,1,6375,4,1945,396675
5/20/2014 0:00,976,4,1,3760,3,1900,452000
5/20/2014 0:00,977,4,2.5,8494,3,2004,426000
5/20/2014 0:00,978,3,1.5,1050,3,1915,792000
5/20/2014 0:00,979,3,2.25,31626,2,1987,315000
5/20/2014 0:00,980,4,2,7861,4,1970,1275000
5/20/2014 0:00,981,6,3,7200,4,1966,326000
5/20/2014 0:00,982,2,1,8424,4,1953,268500
5/20/2014 0:00,983,2,1.75,4000,3,1948,440000
5/20/2014 0:00,984,3,1,7735,4,1967,300000
5/20/2014 0:00,985,3,1.5,4773,3,1941,525000
5/20/2014 0:00,986,4,2.75,13777,4,1926,978000
5/20/2014 0:00,987,6,3,3192,4,1919,1125000
5/20/2014 0:00,988,4,1,4021,3,1921,700000
5/20/2014 0:00,989,2,1,6969,3,1955,315000
5/20/2014 0:00,990,3,1,7500,3,1918,309000
5/20/2014 0:00,991,3,1.5,9936,3,1967,219950
5/20/2014 0:00,992,3,2.5,4700,3,2002,289000
5/20/2014 0:00,993,4,1.75,28710,3,1950,210000
5/20/2014 0:00,994,4,2.5,6671,3,1989,260000
5/20/2014 0:00,995,4,2.5,7945,3,2006,699000
5/20/2014 0:00,996,4,3.5,16953,3,1962,1800000
5/20/2014 0:00,997,3,1,8000,4,1950,299950
5/20/2014 0:00,998,3,2.5,10773,3,1992,749950
5/20/2014 0:00,999,3,2,6888,5,1939,1100000
5/20/2014 0:00,1000,3,2.5,158558,4,1987,555000
